{

  "More":
  [
    {
      "id":1,
      "judul":"Ludo King",
      "image":"file:///android_asset/ludo.webp",
      "link":"https://play.google.com/store/apps/details?id=com.ludo.king"
    },
    {
      "id":2,
      "judul":"Homescapes",
      "image":"file:///android_asset/home.webp",
      "link":"https://play.google.com/store/apps/details?id=com.playrix.homescapes"
    },
    {
      "id":3,
      "judul":"Minecraft",
      "image":"file:///android_asset/mine.webp",
      "link":"https://play.google.com/store/apps/details?id=com.mojang.minecraftpe"
    },
    {
      "id":4,
      "judul":"Sonic the Hedgehog™ Classic",
      "image":"file:///android_asset/sonic.webp",
      "link":"https://play.google.com/store/apps/details?id=com.sega.sonic1px"
    },
    {
      "id":5,
      "judul":"War Machines: Best Free Online War & Military Game",
      "image":"file:///android_asset/machine.webp",
      "link":"https://play.google.com/store/apps/details?id=com.fungames.battletanksbeta"
    },
    {
      "id":6,
      "judul":"Tank vs Helicopter. Free War Game: Massive Warfare",
      "image":"file:///android_asset/heli.webp",
      "link":"https://play.google.com/store/apps/details?id=com.tinybytes.massivewarfare2"
    }
  ],
  "Item":
  [
    {
      "id":1,
      "name":"Ludo King",
      "image_url":"file:///android_asset/ludo.webp",
      "video_url":"footbal",
      "voice_url":"dosa_membawa_keburukan.mp3"
    },
    {
      "id":2,
      "name":"Homescapes",
      "image_url":"file:///android_asset/home.webp",
      "video_url":"flower",
      "voice_url":"cinta_diam.mp3"
    },
    {
      "id":3,
      "name":"Minecraft",
      "image_url":"file:///android_asset/mine.webp",
      "video_url":"flower3",
      "voice_url":"malas_ibadah.mp3"
    },
    {
      "id":4,
      "name":"Sonic the Hedgehog™ Classic",
      "image_url":"file:///android_asset/sonic.webp",
      "video_url":"footbal",
      "voice_url":"malas_ibadah.mp3"
    },
    {
      "id":5,
      "name":"War Machines: Best Free Online War & Military Game",
      "image_url":"file:///android_asset/machine.webp",
      "video_url":"flower",
      "voice_url":"cinta_diam.mp3"
    },
    {
      "id":6,
      "name":"Tank vs Helicopter. Free War Game: Massive Warfare",
      "image_url":"file:///android_asset/heli.webp",
      "video_url":"flower3",
      "voice_url":"malas_ibadah.mp3"
    }
  ]

}