{
  
  "More":
  [
    {
      "id":1,
      "judul":"Ludo King",
      "image":"https://lh3.googleusercontent.com/GIa9Ek1a4hyqqulStVT1RC7Mus0K5nOcCaeDpt9sJEekq6lnrSIK7LDrpH0OHlFgwog=s180-rw",
      "link":"https://play.google.com/store/apps/details?id=com.ludo.king"
    },
    {
      "id":2,
      "judul":"Homescapes",
      "image":"https://lh3.googleusercontent.com/-mPOu6rWotI9ZLDVnvE3ZqKdTgEfaQaqD5SArpkYwlNJM0fOhJLRfJPpPWACHLezwIQ=s180-rw",
      "link":"https://play.google.com/store/apps/details?id=com.playrix.homescapes"
    },
    {
      "id":3,
      "judul":"Minecraft",
      "image":"https://lh3.googleusercontent.com/VSwHQjcAttxsLE47RuS4PqpC4LT7lCoSjE7Hx5AW_yCxtDvcnsHHvm5CTuL5BPN-uRTP=s180-rw",
      "link":"https://play.google.com/store/apps/details?id=com.mojang.minecraftpe"
    },
    {
      "id":4,
      "judul":"Sonic the Hedgehog™ Classic",
      "image":"https://lh3.googleusercontent.com/A36BoVai10oaIOcE4vTL_q-XbyoZZ3O9PNwyszcRDshkGvCJV1SpJ1L5eWGKUZ_ilmo=s180-rw",
      "link":"https://play.google.com/store/apps/details?id=com.sega.sonic1px"
    },
    {
      "id":5,
      "judul":"War Machines: Best Free Online War & Military Game",
      "image":"https://lh3.googleusercontent.com/00Ssxzf3ZLkhzbbgCgTvXR2LGIlcSkxxJ88PCBtketoEcwSAXCOFLBmtntFCB3noPlw=s180-rw",
      "link":"https://play.google.com/store/apps/details?id=com.fungames.battletanksbeta"
    },
    {
      "id":6,
      "judul":"Tank vs Helicopter. Free War Game: Massive Warfare",
      "image":"https://lh3.googleusercontent.com/N59HSZf7n89U8dFozxBNTZ5kWxC8n4v9pE7XF4RLoYRwt4B_FH0x_J8H3XDB54Zjc_c=s180-rw",
      "link":"https://play.google.com/store/apps/details?id=com.tinybytes.massivewarfare2"
    }
  ],
  "Item":
  [
    {
      "id":1,
      "name":"Ludo King",
      "image_url":"https://lh3.googleusercontent.com/GIa9Ek1a4hyqqulStVT1RC7Mus0K5nOcCaeDpt9sJEekq6lnrSIK7LDrpH0OHlFgwog=s180-rw",
      "video_url":"http://hexa.web.id/footbal.mov",
      "voice_url":"http://hexa.web.id/dosa_membawa_keburukan.mp3"
    },
    {
      "id":2,
      "name":"Homescapes",
      "image_url":"https://lh3.googleusercontent.com/-mPOu6rWotI9ZLDVnvE3ZqKdTgEfaQaqD5SArpkYwlNJM0fOhJLRfJPpPWACHLezwIQ=s180-rw",
      "video_url":"http://hexa.web.id/footbal.mov",
      "voice_url":"http://hexa.web.id/dosa_membawa_keburukan.mp3"
    },
    {
      "id":3,
      "name":"Minecraft",
      "image_url":"https://lh3.googleusercontent.com/VSwHQjcAttxsLE47RuS4PqpC4LT7lCoSjE7Hx5AW_yCxtDvcnsHHvm5CTuL5BPN-uRTP=s180-rw",
      "video_url":"http://hexa.web.id/footbal.mov",
      "voice_url":"http://hexa.web.id/dosa_membawa_keburukan.mp3"
    },
    {
      "id":4,
      "name":"Sonic the Hedgehog™ Classic",
      "image_url":"https://lh3.googleusercontent.com/A36BoVai10oaIOcE4vTL_q-XbyoZZ3O9PNwyszcRDshkGvCJV1SpJ1L5eWGKUZ_ilmo=s180-rw",
      "video_url":"http://hexa.web.id/footbal.mov",
      "voice_url":"http://hexa.web.id/dosa_membawa_keburukan.mp3"
    },
    {
      "id":5,
      "name":"War Machines: Best Free Online War & Military Game",
      "image_url":"https://lh3.googleusercontent.com/00Ssxzf3ZLkhzbbgCgTvXR2LGIlcSkxxJ88PCBtketoEcwSAXCOFLBmtntFCB3noPlw=s180-rw",
      "video_url":"http://hexa.web.id/footbal.mov",
      "voice_url":"http://hexa.web.id/dosa_membawa_keburukan.mp3"
    },
    {
      "id":6,
      "name":"Tank vs Helicopter. Free War Game: Massive Warfare",
      "image_url":"https://lh3.googleusercontent.com/N59HSZf7n89U8dFozxBNTZ5kWxC8n4v9pE7XF4RLoYRwt4B_FH0x_J8H3XDB54Zjc_c=s180-rw",
      "video_url":"http://hexa.web.id/footbal.mov",
      "voice_url":"http://hexa.web.id/dosa_membawa_keburukan.mp3"
    },
    {
      "id":7,
      "name":"Garena Free Fire: 3volution",
      "image_url":"https://lh3.googleusercontent.com/lKb7KUgesFXQLIkSZrACkP6tZGmql0la5EqYXbOxpcR_LJPbly3OEhzmjX7Hyq_0Nx4=s180-rw",
      "video_url":"http://hexa.web.id/footbal.mov",
      "voice_url":"http://hexa.web.id/dosa_membawa_keburukan.mp3"
    },
    {
      "id":8,
      "name":"Candy Crush Saga",
      "image_url":"https://lh3.googleusercontent.com/RUwaKZyft2lCAQ_SAKIsq1eRZ4qayMB3_kMv_nftJjgY78LywAOD9QpEn9VWolIywWRZ=s180-rw",
      "video_url":"http://hexa.web.id/footbal.mov",
      "voice_url":"http://hexa.web.id/dosa_membawa_keburukan.mp3"
    },
    {
      "id":9,
      "name":"8 Ball Pool",
      "image_url":"https://lh3.googleusercontent.com/bPz1guJ6FHF3oIOEy3KqwpaDDKO-hLRaZoyzmM8bLFLN8fWm6L0_EuUnkwv9iqPo3Ag=s180-rw",
      "video_url":"http://hexa.web.id/footbal.mov",
      "voice_url":"http://hexa.web.id/dosa_membawa_keburukan.mp3"
    }
  ]

}